{"cameraMode":{"drawMode":0,"name":"Shaded","section":"Shading Mode"},"sceneLighting":false,"audioPlay":false,"sceneViewState":{"m_AlwaysRefresh":false,"showFog":true,"showSkybox":false,"showFlares":true,"showImageEffects":true,"showParticleSystems":true,"showVisualEffectGraphs":true,"m_FxEnabled":true},"in2DMode":false,"pivot":{"x":-35.57577133178711,"y":1.6074235439300538,"z":-0.8663250207901001},"rotation":{"x":0.23868031799793244,"y":-0.3443780839443207,"z":0.09105151891708374,"w":0.9034638404846191},"size":1.7320507764816285,"orthographic":false}