{"cameraMode":{"drawMode":0,"name":"Shaded","section":"Shading Mode"},"sceneLighting":true,"audioPlay":false,"sceneViewState":{"m_AlwaysRefresh":false,"showFog":true,"showSkybox":true,"showFlares":true,"showImageEffects":true,"showParticleSystems":true,"showVisualEffectGraphs":true,"m_FxEnabled":true},"in2DMode":false,"pivot":{"x":-27.622602462768556,"y":1.2033061981201172,"z":115.92491912841797},"rotation":{"x":0.006591403856873512,"y":-0.9471743106842041,"z":0.02026747539639473,"w":0.3203437328338623},"size":13.960898399353028,"orthographic":false}